1	大数据时代下网络爬虫的刑事入罪规制	李佳晓	上海政法学院刑事司法学院	2023/12/15	青岛远洋船员职业学院学报	期刊	网络爬虫; 恶意爬虫行为; 主客观统一原则; 罪刑法定原则	大数据时代下，数据信息呈爆炸式增长，网络爬虫作为一款数据搜索引擎应运而生，但在其使用过程中相关数据安全法益遭受到威胁。纵观实践中有关爬虫行为涉及的案件，以相关计算机信息系统被侵害案件与相关公民个人信息被侵害案件居多；而前者所涉及的罪名中，涉嫌非法侵入计算机信息系统和非法获取计算机信息系统数据的罪名较多。网络爬虫作为一项中立性的技术工具，只有在被划归为恶意爬虫行为时才需由刑法予以规制，而由于法律本身存在滞后性的缺点，恶意爬虫行为的入罪路径需要进一步明晰。总体来说，对于恶意爬虫之行为入罪不能脱离基本的定罪原则即主客观相统一原则和罪刑法定原则。	https://kns.cnki.net/kcms2/article/abstract?v=OHSidZhWKUmaITjljQ4FDadToxEFvyZeul4NZnlEzH81p1TV8sCrPqyQGwTiDLuXjYz_9xNnMeUyV0Du2C8O20oLvHIaAgD0sxxWVKSk4vCSfmqWwl21oDBlT7DweD9QNiLJIoC1Zcw=&uniplatform=NZKPT&language=CHS
2	基于Python网络爬虫技术的乡村旅游数据采集与分析	张启宁吴国俊	宁德师范学院	2023/12/15	产业科技创新	期刊	乡村旅游; 网络爬虫; Python; 数据采集	乡村旅游近年来逐渐成为旅游业的新热点，其中，不同的地区因其独特的特色和开发程度呈现出不同的发展态势。乡村旅游不仅促进了地方经济的发展，也为保护传统文化和生态环境提供了重要的机会。在这样的大背景下，如何获取、分析和利用数据变得尤为重要。Python作为一种广泛使用的编程语言，因其强大的网络爬虫工具和简洁的语法，已经成为数据采集领域的首选工具。以霞浦民宿为例，本文详细探讨了使用Python进行数据采集的方法和步骤，以及如何利用直方图和箱线图等工具进行数据分析和可视化。这些工具不仅展示了霞浦民宿的评分分布、集中趋势和偏态情况，还揭示了其中可能存在的异常值，为民宿经营者提供了宝贵的参考，帮助他们更好地理解市场反馈，从而提高服务质量。	https://kns.cnki.net/kcms2/article/abstract?v=OHSidZhWKUnmzwyMhwvojfIw7wxggCb9flMI_odvaHgQcIGlKJuVd0HJc9QDHAFdkUgiy5GNnAOvGcgv949MYaE2zZtbJI5hA3X0DPbGmnmIYzswzl3QJH6VSKAM6ithmSFHHZRZFqg=&uniplatform=NZKPT&language=CHS
3	基于逆向技术的深层网络爬虫与数据分析	邢羽琪杨柽	云南民族大学数学与计算机科学学院	2023/12/5	软件工程	期刊	深层网络爬虫; JavaScript加密; 逆向技术; Ajax; 数据挖掘	"大数据时代，各行各业对数据采集的需求日益增多，其中使用JavaScript加密技术进行数据采集的需求广泛，但也存在不少瓶颈。文章采用JavaScript逆向爬虫技术还原参数加密过程，动态构造出某购物网站商品评价的统一资源定位系统(Uniform Resource Locator, URL),实现了指定分类下多商品评价数据的动态采集，为同类加密数据的采集提供了新的思路。使用SnowNLP[基于Python的中文自然语言处理(NLP)库]对采集到的乐高评论数据进行情感分析发现，约66%的购买者对商品给出了积极评论；情感分布呈极性，高段集中在0.8～1.0,低段集中在0.0～0.2;词云分析显示出购买者群体比较注重商品的快递包装外观。以上结论可为在线商家提升经营管理水平提供参考。"	https://kns.cnki.net/kcms2/article/abstract?v=OHSidZhWKUniJmfiP8pQFkBldffViyvO71WdUbmnZ9wPC-L9Et42RRhoCmScWSdRlPoGK8fowtttrqbrIJFVtaGHZ7WCZBCD-g4Pns4-009HTGVRawR_hvKt7nO0hMDoaRriaHbh7Yc=&uniplatform=NZKPT&language=CHS
4	基于Python网络爬虫技术的海量教学资源获取研究	张海霞	广州华南商贸职业学院	2023/11/28	太原城市职业技术学院学报	期刊	Python; 网络爬虫技术; 海量教学资源; 任务列表; 资源定位; 资源爬取	研究基于Python网络爬虫技术的海量教学资源获取方法，提升教学资源的自动整理以及利用水平，高效获取指定以及不指定的教学资源。该方法通过Wed端下达海量教学资源获取任务指令，并建立资源获取任务列表；服务端分析任务列表中的任务指令后，合理分配教学资源获取任务并定位网页中教学资源；Python爬取端利用Python语言维护爬虫爬取程序后，采用基于蚁群算法的聚焦爬虫爬取方法，爬取定位到的网页中海量教学资源，并将爬取到的资源传送至存储端；存储端利用最大最小距离加权密度的K-means算法，聚类并存储爬取的海量教学资源，完成海量教学资源获取。测试结果显示：该方法海量教学资源的爬取性能较好，爬取相对回报率结果均在0.47以上，可实现不同类别海量教学资源的聚类，聚类纯度高于0.92；可有效获取指定和非指定两种情况下的教学资源。	https://kns.cnki.net/kcms2/article/abstract?v=OHSidZhWKUluXksPMSdmOZtBPRZkC9g_Rq2_YlBZ8iAl5aKCS9ocj67BTpAmCin2ggqO_XY0VN4p7jqB14nd2QF1aANfqEMpoGdumgjEwEs8YLfXt5AjVV9hZ2t91LU3yDeXtYYpQsY=&uniplatform=NZKPT&language=CHS
5	论数据抓取法律风险的流程化管理	饶传平	江西财经大学法学院江西财经大学数据法律研究院	2023/11/8 17:43	东方法学	期刊	网络爬虫; 数据抓取; 风险管理; 自动化; 数据治理; 合规	网络爬虫能够高效抓取数据，是释放数据价值的重要手段。现行立法过于碎片化，难以有效规制不法爬虫、引导正当爬虫的使用；司法对网络爬虫侵入性的认定具有扩大化倾向，阻碍了数据的正常流通与合理使用。就法律而言，网络爬虫是一种能够自动化收集并存储数据的技术。“基于风险的方法”在网络数据治理中得到广泛应用，利用该方法规制数据抓取技术具有正当性与可行性。通过既有案例归纳数据抓取场景中不同爬虫的行为样态，并依据影响对象和影响程度为其匹配不同风险等级，构建爬虫抓取数据法律风险的流程化管理框架，形成基于风险的合规和基于风险的监管，为数据处理者和监管者提供一个具体的风险管理指南。	https://kns.cnki.net/kcms2/article/abstract?v=OHSidZhWKUlOkuCrg1Fv4ad99qulPYtcT8lNZ9cyPiMzDeeN9AmsMgHcQWJ8CSMveVIO5YdYelCEcNAuvXU_HjcqE5xBJcsZLBWfpElyUhE_ylF4vopNvzdUO1cUhXjynfzxGIbDcC0=&uniplatform=NZKPT&language=CHS
6	大数据环境下的信息处理技术分析	杨秀萍	广东农工商职业技术学院	2023/11/5	中国新通信	期刊	大数据; 信息处理技术; 数据采集; 数据存储; 数据处理与分析; 数据可视化; 挑战与趋势	本文系统地分析了大数据环境下的信息处理技术，解读了从数据采集、存储、处理与分析、可视化等方面的各种关键技术。通过案例分析，讨论了这些技术在社交媒体、电商、智能城市和金融风险管理等领域的应用。同时，本文还探讨了大数据信息处理技术面临的挑战和发展趋势，例如数据安全与隐私保护以及大数据信息处理在大模型的应用等。	https://kns.cnki.net/kcms2/article/abstract?v=OHSidZhWKUnKBQxDHMOJvSeziuLYAgLR4HyS0ddmLF2MmCUR52WKw8TBdPrePDWq4qkCvaRKsouAGkrgP3ple1xTZVgXcT_ZujdaAUotckiaY3dcDazuiVghkA0CVjBDoi7yTuBpL78=&uniplatform=NZKPT&language=CHS
7	我国大学体育慕课建设研究：现状、问题与对策	曾祥园1易琼2	1. 浙江师范大学体育与健康科学学院2. 浙江师范大学教育学院	2023/11/3	第十三届全国体育科学大会论文摘要集――专题报告(体育社会科学分会)	中国会议	慕课; 大学体育慕课; 网络爬虫技术; 空间分布	"研究目的:慕课作为一种基于互联网技术的在线教育模式,通过平等的学习机会、个性化学习、开放的学习资源等方式,实现教育公平,提高教育普及率和公平性。教育部采取一系列措施推动高校在线课程建设,如《关于加强高等学校在校开放课程建设应用与管理的意见》、《2017年教育信息化工作要点》、《教育信息化2.0行动计划》等。这些政策文件都积极推动各高校努力推进各学科领域在线教学资源建设,现如今我国慕课数量已居世界第一。然而我国大学体育慕课建设相对滞后,而慕课的教学模式、技术环境、运行策略、质量保证、学习评价等内容还未形成完善体系。本研究旨在全面调查我国大学体育慕课建设现状,发现问题并辅助慕课平台的开发者、大学体育慕课的建设者、大学体育慕课的管理者去对大学体育慕课的建设进行调整优化,促进信息技术与体育教育教学深度融合,促进体育优质教育资源应用与共享。研究方法:1.文献资料法。查阅、整理关于慕课和大学体育慕课相关的研究成果,了解国内外的研究动态,夯实本研究的文献资料基础。2.数据挖掘法。采用网络爬虫技术采集我国大学体育慕课的相关数据并进行分析,以了解大学体育慕课的建设现状。3.对比研究法。从地理学视角,运用..."	https://kns.cnki.net/kcms2/article/abstract?v=OHSidZhWKUkT0Qu-QRwQIP0JB2n6NB-UXrOW-RgIY2DrRkfrlRX44AgrJRwsAFiLT0ZFfKlb6aHC-xlDX19nl54A8nJvyboj6fk2QH8eOs0M8dwvVX5D3wUZ5Fwqm7MCXAcxRgCvf8Cn-uKS3JMW0g==&uniplatform=NZKPT&language=CHS
8	面向舆情监控的智能化自然语言处理算法设计	罗涛谢凤祥李光华	国能大渡河流域水电开发有限公司	2023/10/31	电子设计工程	期刊	舆情; 爬虫; 注意力机制; 风险识别	针对当前网络舆情分析效率较低且准确度不足的问题，开展了基于自然语言处理的智能舆情监控算法设计研究。该研究设计构建了网络舆情智能监控技术框架，其结构包括数据源层、数据采集层、数据处理层与舆情分析应用层。同时在此基础上提出一种融合多维注意力机制的智能舆情监控算法，通过利用网络爬虫技术生成了舆情语料库，采用CBOW词向量模型完成自然语言的结构化表示，并使用多维注意力机制网络挖掘舆情信息与舆情风险之间的内在关联，进而实现了对舆情风险等级的准确监控。仿真分析结果表明，所提出的CBOW模型在自然语言表示上计算速度更快、准确度也较高。而多维注意力机制网络在舆情风险等级预测上更为精确，且能够准确把握网络舆情动向，为企业运营提供指导。	https://kns.cnki.net/kcms2/article/abstract?v=OHSidZhWKUkQwwdZNJAeMpvFHRkh-t_oV5ATzURSuabi86750RPIlznaig9TZkHAKGCKrOoEvn01Pzg8Es5j5BrlPSRbiSlz7StBXCCSPn78zr594DtrB-hs31kWQXwKkWQP9dFzlWtEjIkMXTRzOQ==&uniplatform=NZKPT&language=CHS
9	“双一流”背景下一流大学的示范效应研究――基于爬虫技术对高校调研行为的实证分析	田贵平1赵婷婷2	1. 北京航空航天大学高等教育研究院2. 厦门大学教育研究院	2023/10/20	清华大学教育研究	期刊	一流大学; 示范效应; 组织理论; 网络爬虫技术; 高校调研行为	一流大学示范效应是彰显其价值的重要途径。一流大学的示范效应是一种基于其他高校的模仿而展开的组织学习，在效率机制和合法性机制的双重作用下，其他高校通过竞争性模仿和制度性模仿而使一流大学的示范效应得以体现。运用爬虫技术对高校调研行为的分析表明，我国一流大学的示范效应比较明显，它通过锁链结构渐次传递；行业高校构成了传递示范效应的特殊渠道；示范效应在不同的活动领域存在强弱差异。因此，应重视一流大学的示范效应，构建多维分层的示范体系，提升高校的自觉学习意识和能力，促进“双一流”建设向纵深方向发展。	https://kns.cnki.net/kcms2/article/abstract?v=OHSidZhWKUnNLkxkURKNN0e1Tx5PcGSgEte_syyPQx8zHLyBIyOKEPEBrvGGJta_1ChPAkRSVKvJa98amMwRnYmqjLl1qX2DvAiZRXb8ZPMjlv0lZFcOZvmuNdgDmu9xWYzcbUNnQV0=&uniplatform=NZKPT&language=CHS
10	基于网络爬虫的招聘信息可视化系统设计与实现	何毅平黄媛湛茂溪陈庚	长江工程职业技术学院	2023/9/20	长江工程职业技术学院学报	期刊	招聘信息; 大数据; 网络爬虫; 可视化	近些年，随着互联网行业快速发展，社会信息量呈爆炸式增长，特别是受新冠肺炎疫情的影响，网络招聘规模急剧增长，大量的招聘网站出现，每天都会有海量的招聘信息发布在网络上。如何深层次地发掘出招聘数据源价值，建立可视化分析系统，帮助高职院校客观且全面地了解相关企业招聘实际需求，有针对性地调整专业学科建设以及人才培养方案的制定，是当前研究的热点和难点。系统通过网络爬虫技术对大专院校计算机专业相关岗位进行爬取，并利用大数据技术对数据进行清洗去噪以及MapReduce Top-K算法统计出十大热门岗位和薪水数据，最后借助商业级图表数据库Echarts将分析结果可视化输出，为大专院校的计算机人才培养提供更加客观且全面的数据支撑。	https://kns.cnki.net/kcms2/article/abstract?v=OHSidZhWKUlbW9HAG416Bb8XqDwXF1Ftxmj4jgQwieGZ3yTtBp_0ZqPNYdgQKTxBzm2p76VR17pw-36V9ZV1hXwVftFc2BaW_RLOJTkyMF9F8S2vtKwlOa272IIvf42LcjDiHmSBl7V6rnZ8s8fXPg==&uniplatform=NZKPT&language=CHS
11	基于Python网络爬虫设计与实现	古志敏吴明珠	广州现代信息职业技术学院	2023/9/18	电脑编程技巧与维护	期刊	Python语言; 网络爬虫; 数据解析	随着科学技术的发展，网络资源对人们的生活产生巨大的影响，为了进一步简化查找和精准定位网络资源，网路爬虫技术日渐兴起。Python的兼容性强、社区庞大，因此基于Python的网络爬虫技术逐渐成为主流。分析年轻人的娱乐喜好，采用了基于Python的网络爬虫技术，设计了热门视频信息爬虫程序，实现对视频信息的保存，为后续查看与使用视频信息提供便利。	https://kns.cnki.net/kcms2/article/abstract?v=OHSidZhWKUlEwptIS1eXrIK8Bv1mw967Lnwl_BKnZuVwET12Ox7SWN2GRvkXDdL_ce-erqlY2C8YGEr-y0JW0gRaxFMT5AbsH-yGC1sApRecPXEiSGvpHzA8QeHF4tUdSffBbQxWLMvpRfyuqwuKpQ==&uniplatform=NZKPT&language=CHS
12	在技术与法律之间:网络爬虫刑法规制的边界	"姚万勤1,2宋俊豪1"	1. 西南政法大学人工智能法律研究院2. 中国社会科学院法学研究所	2023/8/31	法治论坛	辑刊	网络爬虫; 反爬措施; 未经授权; 个人信息; 计算机信息	"我国当前对网络爬虫刑法规制的研究存在两个方面的误区:一方面,未正确理解网络爬虫的相关技术问题,认为突破反爬措施的网络爬虫行为具有“侵入性”;另一方面,未注意严格限定研究对象,有意无意地扩张了网络爬虫行为的外延,将与爬虫技术无关的其他行为一并笼统地称作网络爬虫行为。网络爬虫技术本质在于自动化,因此,由网络爬虫所引发的刑法规制问题在于――网络爬虫行为与人工数据获取行为在技术层面上所具有的差异映射到法律层面上时,会产生何种不同的法律后果。具体而言,过度使用网络爬虫可能构成破坏计算机信息系统罪。突破反爬措施的网络爬虫行为的规范意义则需结合相关犯罪的构成要件作进一步考察。即便如此,在没有严重影响他人计算机信息系统正常运行的情况下,只要人工获取数据的行为本身不违法,相应的网络爬虫行为也不具有违法性,理应不构成犯罪。"	https://kns.cnki.net/kcms2/article/abstract?v=OHSidZhWKUmwR5_4MvusUxhxWbKUr87NOTxNSCSuj17P0tNN8dzR_AbiZf9kjiEKUw7Ze8OlxlQbRuxDCNZMlI9VKbar64c_r1RK11xjDv-vNi57Vhh3iCbl6bGOcT5D7m1Ep2kL1sw=&uniplatform=NZKPT&language=CHS
13	网络爬虫行为的著作权问题研究	土真玉	南京理工大学知识产权学院	2023/8/25	河南科技	期刊	网络爬虫; 著作权; 侵权	【目的】网络爬虫行为是目前搜索引擎中的核心技术工具。本研究对网络爬虫行为侵权表现形式及相关法律问题进行分析，为解决网络爬虫行为著作权侵权问题提供建议。【方法】基于网络爬虫技术的概念、基础原理和实际运作，进一步探讨网络爬虫行为侵犯著作权的相关规定与其表现形式，并对其中涉及的法律问题进行整合、讨论与总结。【结果】目前，网络爬虫行为著作权侵权问题主要分为直接侵权与间接侵权。虽然目前有相关规定及规制标准，但判定其是否构成侵权的标准尚未明确与规范。【结论】对该问题规制时应当就网络爬虫行为推动信息网络传播与著作权保护这两方面进行平衡规制，在立法方面应当完善相关方面的法律制度，划清著作权中“作品”范围，健全著作权人的权利保护机制。	https://kns.cnki.net/kcms2/article/abstract?v=OHSidZhWKUmwR5_4MvusUxhxWbKUr87NJ0EMrvde79qrJIsqdBDbrJTYA1iCRhxoz84r_KIvpBJyeDC2jHKsEFqq2Yg3FlsBZG4d34-rGDMNQFFdwur409oUkAEvLF80r0Vkj3yGWpkWuQsYSo78aA==&uniplatform=NZKPT&language=CHS
14	恶意网络爬虫行为的刑事规制及其完善	彭新林赵辉	北京师范大学刑事法律科学研究院	2023/7/31	刑法论丛	辑刊	网络爬虫; 计算机系统安全; 技术属性; 数据安全法益	"大数据视野下网络爬虫的实践滥用需要引起刑事法对数据系统安全保护的重视。恶意爬虫行为对数据系统安全形成刑事风险,法律对其评价也逐渐由民法领域转向刑法视野。通过明晰数据与信息的边界,进一步强调用刑事手段保护数据系统安全之必要性,坚持数据开发与保护的理性站位,采用想象竞合的立场处理同时侵犯爬取内容层面与技术层面的恶意侵入爬虫,进一步强调数据的技术属性以重视数据安全法益,从而体现刑法在技术层面对数据的运用与符号化表达之正面回应。"	https://kns.cnki.net/kcms2/article/abstract?v=OHSidZhWKUk46zG2UoiryUnzycyw_KsJcd5eG7aBNC_dgT5TQWRM5wyd8QV9-IiHWKo1gDBc1jhQ6fYSsMutPyHC3PuRCMtSy90rtrHAVyfO8G6d45cANdEXaCOfDRQarDYokRuYJAg=&uniplatform=NZKPT&language=CHS
15	网络爬虫技术在获取及分析审计证据中的应用研究――以金正大为例	常启军李玲玲	桂林电子科技大学	2023/7/15	财会研究	期刊	大数据; 网络爬虫技术; 审计效率	随着信息技术的快速发展，各行各业已进入大数据时代。审计作为一个数据密集型行业，如何运用科学的工具对大数据进行抽丝剥茧，以高效获取审计证据已经成为近期国内的热点。文章首先阐述了在大数据的影响下审计过程中各环节的变化，在此基础上，分析了网络爬虫技术在审计证据挖掘与分析过程中的原理。最后，以金正大审计为例，分析爬虫技术是否可实现高效获取和分析审计证据。研究结果表明，爬虫技术可运用于大数据审计中，有效帮助审计人员，提高审计效率。	https://kns.cnki.net/kcms2/article/abstract?v=OHSidZhWKUk-4eXNqf36O6czKI8fePQGdTDkP4YNiIJrOUt4coL2Dc8PIasGr5ZsKFIMB93ajljocvbPPPJ2QiEmp6nLyCU2fqzTtbb6SczqyV1CXcLLUV1npFwOJl7mxVTo-CLD1ux-WN2YUHsWrA==&uniplatform=NZKPT&language=CHS
16	基于RPA技术的财务机器人业务自动化处理平台构建	聂玺	陕西青年职业学院	2023/6/25	自动化与仪器仪表	期刊	RPA技术; 网络爬虫; 财务机器人; 分类准确率; 业务自动化	如今，财务领域仍然保有大量低效的人工处理任务。因此，借助基于RPA技术的财务机器人以提高财务人员的工作效率至关重要。为了自动获取网页财务字段以及实现财务数据的智能分类以便归档，设计了依靠聚焦式网络爬虫技术的财务数据自动抓取机器人和TF-IDF算法的财务分类机器人，并最终构建了以这两种财务机器人为核心的业务自动化处理平台。经实验测试显示，自动爬虫机器人可以良好地生成XML文件，无论事先设置XML数量为何值，准确率均高于90%。TF-IDF算法在分类准确率、召回率以及F1值均获得了更好效果，对应值分别为71%、85%以及92%。因此，研究采用的两种财务机器人均能良好实现业务自动化处理操作，从而提高财务人员的工作效率。	https://kns.cnki.net/kcms2/article/abstract?v=OHSidZhWKUkb1Nx28w2BITbzFsIJwRYHPRX_cLs3YD4VfgA8GWmGXuLHbujxtuiHyy3WtthMyZGuxHd8BAcEL_9bxkwn3Bil0kgKQef3QK_GuCstDSxlv3sh0hqE_itMCmVF2Q8VC7-v5vPPvf_LSA==&uniplatform=NZKPT&language=CHS
17	网络爬虫技术侵犯公民个人信息的刑事规制	卜天石	中国政法大学	2023/6/25	网络空间安全	期刊	网络爬虫技术; 非法获取; 个人信息; 数据安全; 刑事规制	[目的/意义]网络爬虫技术的运用，既为互联网发展带来巨大经济和技术效益的，同时也在公民的个人信息安全方面埋下隐患。依据《中华人民共和国刑法》对网络爬虫技术行为中侵犯公民个人信息罪进行规制，有利于维护网络空间安全，促进良好的网络生态的形成。[方法/过程]基于合法性原则和法益保护原则，对网络爬虫行为分步骤进行法律性质的辨析。首先通过合法性原则用以识别网络爬虫行为是否违法，其次通过法益保护原则来最终认定网络爬虫行为的罪与非罪、此罪与彼罪的问题。[结果/结论]只有同时满足违背合法性原则和法益保护原则的网络爬虫行为，可以通过《刑法》第253条第3款予以规制。	https://kns.cnki.net/kcms2/article/abstract?v=OHSidZhWKUlYdGfv2ccUHwTlWuq0eUVF10EMOZ1dmnMeBgpEyTsLlS82cwIjMp7WXlD94rjLBj9uiA64PtX5OpSU61WLkg-605zbCWsAoWmXPjS1V5NEpbEFv9VMzm6ciwlYuTHfvkjEsZjNB7VZxA==&uniplatform=NZKPT&language=CHS
18	基于网络爬虫技术的企业大数据采集系统设计	张雁涔	忻州职业技术学院	2023/6/25	信息与电脑(理论版)	期刊	爬虫技术; 大数据采集; 系统设计; 企业信息	"为便于企业进行信息筛选和采集,文章采用网络爬虫技术设计企业大数据采集系统,使企业大数据采集系统更符合时代发展的需求,即要确保采集数据信息的精准性、有效性、及时性,拟在解决数据精准匹配问题的基础上,优化系统的处理和运行效率。"	https://kns.cnki.net/kcms2/article/abstract?v=OHSidZhWKUmwsQpHbUBOums-8CcjmY70PF9-yeoPRDPXsJbsocByRVjMwdIXdSmlPOwRCOIVYG1PZEVNldrVv_lFe6R4CnRgpEbG36CFSzq_gURj0e8XXodCgBXaenLiTt9Y-9FkqN0Hx4W9WxBvrw==&uniplatform=NZKPT&language=CHS
19	基于大数据抓取的供应商不良行为数据监测方法	严峻马路遥龙铭崔北为	国网安徽省电力有限公司物资分公司	2023/6/20	微型电脑应用	期刊	大数据抓取; 供应商; 不良行为; 数据监测; 行为数据	传统供应商选择弊端较为明显，为此，提出基于大数据抓取的供应商不良行为数据监测方法。选取大数据抓取技术――网络爬虫技术获取供应商行为数据，按照时间先后顺序将供应商行为数据转换为平稳时间序列，利用拉格朗日插值算法补全行为数据的缺失，构建ARIMA模型，估计模型参数数值，确定不良行为数据辨识空间，通过拟合残差序列比较获取供应商不良行为数据辨识结果，实现不良行为数据的监测。通过实验数据可知，应用提出方法能够准确地辨识出多种类型的不良行为数据，证明提出方法具备更好的监测性能。	https://kns.cnki.net/kcms2/article/abstract?v=OHSidZhWKUmfdidrzhAw5a6E-bKD05OLvuFGAyR1ikH_lN1cR3VTSLotJcwTJtWH7jPln4eYtaxj2_HaUNiThTlrULRyAEP099BEDvxusBSNhOUSRwyyPWN87Ja0Mhe6pRCPV8M-qKSeXgS1HtHqIg==&uniplatform=NZKPT&language=CHS
20	浅谈信息技术在课程思政教学改革中的应用	杨茜	重庆财经职业学院	2023/6/20	国家通用语言文字教学与研究	期刊	信息技术; 课程思政; 教学改革	在推进教育现代化的进程中，对信息技术的充分应用是体现教育现代化的重要标志之一。在课程思政教学中融入信息技术，教师可以实现教学情境的创设、互动动漫的制作、考评体系的优化、网课设计的完善，对提升学生学习效率、提高课堂教学质量有着重要的作用。对此，通过分析信息技术在课程思政教学改革中的应用优势，在此基础上探究信息技术在课程思政教学改革中的应用策略，以期激发学生学习的主动性，促进学生学习效率和学习质量的提升。	https://kns.cnki.net/kcms2/article/abstract?v=OHSidZhWKUmfdidrzhAw5a6E-bKD05OLvuFGAyR1ikGFW4Loc9MH_PnmHBAcUPbMJC-46MC884L66Jx_9qbG4MoWcRHkG8F_ltLfS4p9bCN1_hdnmr7kz6AT5GiR4n9OesQeQVQKslXAThBYhqhf_w==&uniplatform=NZKPT&language=CHS
21	网络爬虫生成物的著作权规制	肖海周瑞平廖石昕	华东交通大学人文社会科学学院	2023/6/15	滨州学院学报	期刊	网络爬虫生成物; 著作权; 规制; 侵权责任	网络爬虫生成物作为数据时代的新生事物，其对现有著作权的适用及网络空间秩序产生了严峻挑战，亟须在反思现有网络爬虫生成物著作权规范体系不足的基础上，加强完善著作权以回应网络爬虫生成物著作权规制的现实需求。落实侵权主体法律责任、明确网络爬虫生成物的侵权责任归责原则、建立完善网络爬虫生成物监管制度与提高爬虫协议的规范效力等措施，不失为解决现存难题的重要突破口。	https://kns.cnki.net/kcms2/article/abstract?v=OHSidZhWKUknLLR3urkCRk1MbeqDEuWcLvXmEcpgYZ4HCfAujJC3CvT0L1Ip-qieYVRZQ1WuhG-59oT6T1ZdO_EGB6vQkIGVeLe3qQYSu4_94u8qZ75HdlzlXJkRO4Oh3ESRNA3IT5y-ZcTs9QmcSQ==&uniplatform=NZKPT&language=CHS
22	我国网络爬虫技术的数据合规法律风险及其完善建议――以我国网络爬虫511个案例的实证分析为出发点	严嘉欢1钱书豪2王宇婷3巩浩3	1. 华东政法大学国际金融法律学院2. 西北政法大学公安学院3. 西北政法大学民商法学院	2023/6/12 17:41	《上海法学研究》集刊2023年第6卷――2023年世界人工智能大会青年论坛论文集	中国会议	网络爬虫; 数据合规; 个人信息; 数据安全; 实证分析; 企业合规	"网络爬虫作为数据时代重要的数据分析、数据挖掘工具,获得了互联网企业的青睐,然而网络爬虫的肆意生长还暗含刑事违法的风险。最高人民检察院发布的《涉案企业合规典型案例(第三批)》其中重点提到了网络爬虫刑事合规案件,足以看出我国对于网络爬虫数据合规的重视性。通过对于我国2013―2022年的511个网络爬虫案件进行数据实证分析,发现目前我国企业使用网络爬虫技术数据合规的现存三个方面问题,即事前网络爬虫爬取行为的授权性未知、事中网络爬虫爬取数据范围的模糊性、事后网络爬虫爬取数据使用的不可控。针对上述问题提出我国企业使用网络爬虫数据合规的完善建议,包括事前强调网络爬虫爬取数据的授权前提、事中明确爬虫爬取数据范围的合法性、事后确保爬取数据使用的合规性。"	https://kns.cnki.net/kcms2/article/abstract?v=OHSidZhWKUlNVtyKziY6Bcp6968-4kaXp5EwTbtM2RCsR-IQWQPsW-jU3mDpu1GiI5OSCLLdu4AriI0JVT0yU_vlimWrSF0KbEnbQ70J7IIPuUN9UGEXlmuYUhRua9ugu-WDfwrhiQxcwQsWLxSbRw==&uniplatform=NZKPT&language=CHS
23	基于Selenium框架的反爬虫程序设计与实现	王帅	湖南财经工业职业技术学院	2023/6/1	信息记录材料	期刊	大数据; 爬虫程序; Selenium框架; 反爬虫	大数据时代数据的重要性受到了人们的广泛重视。如何有效保护网络数据资源，精准防控网络爬虫程序对数据进行不当收集和对服务器资源造成破坏，适当的反爬虫程序的设计与实现尤为重要。反爬虫程序能够实现自动监控网络爬虫程序带来的破坏，提高人工监控数据的效率。本文实现了基于Selenium框架的反爬虫程序设计，经过实际的数据测试，融合了Selenium框架的反爬虫程序设计能够在一定程度上提高网站的反爬虫效率。	https://kns.cnki.net/kcms2/article/abstract?v=OHSidZhWKUkGuT_x9IiDDAH45cA1nmkvMOxcw0nLv-cA0NhsjN4g9g_8q59gKEK-Ds8e_PIexXGB4Boq1Ih9id8vu_G6TtP5hp2V5KPHHFn8IO3hQanRjYTSepfBH6b9ChNVNSAt_rrJAgodU7URRw==&uniplatform=NZKPT&language=CHS
24	基于Python的网络爬虫技术研究	崔欢欢	长江工程职业技术学院	2023/6/1	信息记录材料	期刊	网络爬虫; Python语言; Scrapy框架	随着网络中数据量的快速增长，网络爬虫作为搜索引擎中非常关键的一项技术，如何准确、高效地批量获取到更具价值的信息一直是其研究难点。针对此问题，本文基于Python语言的Scrapy框架展开了深入研究，在此基础上构建了通用的网络爬虫框架，并针对其关键模块的功能实现进行了详细阐述，为相关研究提供了一定的参考价值。	https://kns.cnki.net/kcms2/article/abstract?v=OHSidZhWKUlB1YbbQ8JiWpuaGK6vO_cUpu-EB8YIe5R4UYBLL285Yf-kAzv9IHzzHJTyNzN67rxQiSlJG7qRn9cVSJmrqhNPdfVF1UK1cywrn1zk1oG33iLHQOtsc4F8kLN_yOj6CXyLOsMMNb_7IA==&uniplatform=NZKPT&language=CHS
25	团队成员多样性与团体标准化：基于临时团队视角的两阶段研究	刘文韬	吉林大学	2023/6/1	吉林大学	博士	团体标准化; 团队成员知识多样性; 团队成员结构多样性; 信息深度加工; 工作复杂度; 政府参与	"在过去近二十年的全球市场发展变革中,决策者们常常将标准化视为国家战略,掌握标准话语权对赢得市场主导地位具有重要影响。我国标准化战略的实施相对英美日德等发达国家起步较晚,标准化体系有待完善,标准化发展的滞后使我国在国际市场竞争中常因标准壁垒而受制于人。与此同时,随着近年国内各行业科技的发展和商业模式的转变,新生事物也快速出现并参与到市场竞争中,因此市场对于新标准的需求也随之增加。团体标准是2018年新《中华人民共和国标准化法》颁布之后被正式确定的标准形式,其主要作用是在不断发展的市场环境中,快速准确地满足创新和市场对新标准的需求。2023年2月,国家发布的《质量强国建设纲要》明确指出,要“培育以技术、标准、品牌、质量、服务等为核心的经济发展新优势”。团体标准作为市场主导制定的自愿性标准,是我国目前“政府主导+市场导向”协调发展新标准体系下的重要分支。团体标准化是实现《国家标准化纲要》发展目标的重要抓手,有利于全面形成市场驱动、政府引导、企业为主、社会参与、开放融合的标准化工作格局。因此,在以企业为主体的团体标准化工作背景下,本研究希望探寻能够高效高质量地完成团体标准研制工作的路径,探究影..."	https://kns.cnki.net/kcms2/article/abstract?v=OHSidZhWKUnF2YzlTI6_cyZ4P0Bd3oPDjcRk4w97lINuxSyWZ6rKlnNRXd3ZYuHP_FNRaeheBKaj96ETE9KcmJSxPNl4riRtkvA1V3bUrmmF4VfJADmmz16esDjKLNFanyj3aVdm3HMnXYsNNywuug==&uniplatform=NZKPT&language=CHS
26	团队成员多样性与团体标准化：基于临时团队视角的两阶段研究	刘文韬	吉林大学	2023/6/1	吉林大学	博士	团体标准化; 团队成员知识多样性; 团队成员结构多样性; 信息深度加工; 工作复杂度; 政府参与	"在过去近二十年的全球市场发展变革中,决策者们常常将标准化视为国家战略,掌握标准话语权对赢得市场主导地位具有重要影响。我国标准化战略的实施相对英美日德等发达国家起步较晚,标准化体系有待完善,标准化发展的滞后使我国在国际市场竞争中常因标准壁垒而受制于人。与此同时,随着近年国内各行业科技的发展和商业模式的转变,新生事物也快速出现并参与到市场竞争中,因此市场对于新标准的需求也随之增加。团体标准是2018年新《中华人民共和国标准化法》颁布之后被正式确定的标准形式,其主要作用是在不断发展的市场环境中,快速准确地满足创新和市场对新标准的需求。2023年2月,国家发布的《质量强国建设纲要》明确指出,要“培育以技术、标准、品牌、质量、服务等为核心的经济发展新优势”。团体标准作为市场主导制定的自愿性标准,是我国目前“政府主导+市场导向”协调发展新标准体系下的重要分支。团体标准化是实现《国家标准化纲要》发展目标的重要抓手,有利于全面形成市场驱动、政府引导、企业为主、社会参与、开放融合的标准化工作格局。因此,在以企业为主体的团体标准化工作背景下,本研究希望探寻能够高效高质量地完成团体标准研制工作的路径,探究影..."	https://kns.cnki.net/kcms2/article/abstract?v=OHSidZhWKUmY2O5nPGYmO1TOQhB9s0c5-NWw9vCXSQvGZqnImo9oJmnmViYH5c__CuWVvMpmaIPtRfn9aqR7GaChmneYfFihAAM6iABFoBgadq4H8sAgPdGSxeNWyJljqjP9igKEMkPli4tWC2U5iw==&uniplatform=NZKPT&language=CHS
27	网络爬虫的刑法规制研究	杨瑞虹	贵州师范大学	2023/6/1	贵州师范大学	硕士	网络爬虫; 数据; 刑法规制	"大数据时代下,网络爬虫作为数据爬取的工具,在数据的流通中发挥着重要作用。爬虫技术快速发展的同时引发了一些法律问题。2017年网络爬虫入刑第一案掀起了实务中刑法规制网络爬虫的热潮,亦引发了理论界对刑法规制网络爬虫的思考。网络爬虫的刑法规制已是既定事实,关键在于如何完善网络爬虫的刑法规制。第一章介绍网络爬虫的概念、属性、工作原理以及行为样态,在了解网络爬虫技术特性的基础上,分析网络爬虫刑法规制的必要性。第二章介绍网络爬虫刑法规制的现状,包括立法现状与司法现状。通过实证研究对现有公开的网络爬虫的案例进行分析,发现网络爬虫的刑事立法存在滞后性、缺乏体系性;实务中存在网络爬虫民刑边界不清,刑法规制愈发严厉,罪名认定呈口袋化趋势,罪数区分不准确等问题。第三章界定网络爬虫的入罪边界。网络爬虫构成犯罪是适用刑法的前提。通过借鉴域外经验,在明确爬虫协议法律属性和数据概念的基础上,从形式不法和实质不法两方面界定网络爬虫罪与非罪的边界。形式不法是指网络爬虫的行为违反授权,其中违反爬虫协议或合约授权的承担民事责任,突破反爬取措施的构成犯罪。实质不法是指爬取对象不法且造成了实质的法益侵害。最后一章提出网络爬虫刑..."	https://kns.cnki.net/kcms2/article/abstract?v=OHSidZhWKUkhyObOFdzKrq9jj4CJlUxn0TrXkOKOdFzpuALYGaB80WiWooqiCFBbVwpXCbk4_0uossL7LmnlQTgRl13WNeMN5Se_6utXmWbCAeqvacz3iKlLArpw1bMLw4JP2zPsMxbdECaRz-hGow==&uniplatform=NZKPT&language=CHS
28	基于不均衡数据重抽样方法的虚假舆论分析――以上海市新冠疫情为例	崔悦萍	江西财经大学	2023/6/1	江西财经大学	硕士	不均衡数据; 机器学习; 深度学习; 高级语言模型; Tree-SVR算法	"不均衡数据是指两类或多类样本数量分布极度不均衡的数据,不均衡数据重抽样技术,是将不均衡数据集通过重抽样技术改变数据集内不同类别间的数据分布,加工成均衡数据集后再展开统计分析或算法研究。舆论永恒存在于社会之中,真实舆论和虚假舆论也对立存在,本文重点研究上海疫情期间相关舆论的分类问题,因为两类舆论数量的分布极不均衡,并且关注点在少数虚假舆论样本,所以属于不均衡数据集。既然存在虚假舆论就需要一种鉴别机制去识别和判断,避免不科学的言论影响社会的发展和群众的社会生活。利用网络技术鉴别虚假舆论,其本质是一个文本分类问题,即寻找一个合适的分类算法将舆论数据精确分类。本文首先探究不均衡数据重抽样的技术,尝试通过重抽样技术改善不均衡数据的分类问题,并将其应用于上海疫情舆论的研究分析中。本文以2022年3月份至10月份期间的上海疫情虚假舆论为研究对象,以今日头条中的新闻资讯和微头条为数据来源,通过网络爬虫技术获取上海新冠疫情相关的舆论,将经过预处理和重抽样后的数据集代入传统机器学习(如SVM、LR、决策树、朴素贝叶斯、K-NN)、深度学习(如CNN、LSTM、Bi-LSTM、C-LSTM、HAN、Conv..."	https://kns.cnki.net/kcms2/article/abstract?v=OHSidZhWKUkhyObOFdzKrq9jj4CJlUxn0TrXkOKOdFzpuALYGaB80f37jsilL6DzO8BI9JVyQm6ES6MGp3-YxtnRHG3xvN5t0Y1BWcTbBq47plP2HqtmnZOKiI2qVZBUdgjZ7n4shb93wTV8SFoXuA==&uniplatform=NZKPT&language=CHS
29	基于大型赛事的网络文本命名实体识别研究及系统实现	焦东保	浙江工商大学	2023/6/1	浙江工商大学	硕士	2022亚运会; 网络爬虫; 命名实体识别; 注意力机制	"随着互联网的快速发展,人们的生活节奏不断加快,从海量的文本中快速地提取有价值的信息更符合当代智能化的生活方式。命名实体识别技术应运而生,该技术可以通过识别文本中特定的实体词,来快速的获得文本核心内容,满足了人们快速获取高质量信息的需求。如今越来越多的大型赛事借助智能化的手段,来获取关键信息为赛事的组织和推广工作提供科学的指导,本文以2022年杭州亚运会的网络文本作为主要研究对象,对其进行命名实体识别研究,主要研究过程及成果如下:一、制作与亚运会相关的特定数据集。由于目前并没有公开的亚运会相关数据集,因此本文通过网络爬虫技术对“今日头条”“新浪微博”等网络平台进行数据爬取,获得原始数据。将获得的原始数据进行预处理,再使用Han LP自动标注工具对数据进行标注,最后通过人工的方式对数据集进行查缺补漏,从而制作成完整的有关亚运会的特定数据集,以供后续模型训练。二、提高命名实体识别模型的识别效果。本文充分考虑亚运会文本数据集的特点,对命名实体识别任务中BERE-Bi LSTM-CRF经典模型进行改进,改进方面主要有两点:(1)使用MACBERT模型代替传统的BERT模型,该模型对BERT模型中..."	https://kns.cnki.net/kcms2/article/abstract?v=OHSidZhWKUlVh_cnpkrUtSeRSWBVanygP2zxpP1R-kMcjyu7rDYoqzgrV_wHR2hxzhnmMoxsbMEQ-uTk92qKcFHxKN2gjfDZDVHfEqtuVYKdY2YWbUYVw682EpG1pTE_VY_bbKKZWdmMhdYHSxMjIg==&uniplatform=NZKPT&language=CHS
30	网络爬虫技术应用的行政法规制研究	刘超芹	河南大学	2023/6/1	河南大学	硕士	网络爬虫技术; 数据收集; 个人信息保护; 行政法规制	"作为新兴的生产要素,数据资源已经成为互联网企业生存和发展的关键以及经济发展的核心。网络爬虫技术因其收集数据高效且精准的特点成为数据需求者获取数据的主要手段。然而,网络爬虫技术在诸多领域普遍适用的同时,滥用事件也频频出现在大众的视野中,并产生了隐私泄露、侵占公共资源、危害公共安全等风险,成为行政法必须回应与规制的新问题。现有行政法制度规则是否对网络爬虫技术应用作出了有效的调整?如何从立法、监管、救济等角度规范爬虫技术的应用行为,平衡数据权利保护与数据流动需求,是本文探究的主旨。行政法规制网络爬虫技术的应用,可规范用户的使用行为、弥补民法、经济法及刑法规制的不足,但在具体规制过程中也存在一些问题。目前个人信息保护、数据安全、网络安全等领域的立法虽为规制爬虫技术的应用提供了法律依据。但是,行政立法规范缺乏针对性、合法及正当性原则模糊不清以及告知同意规则滞后的现实使得规范爬虫技术应用的制度规则呈现迟滞化防控;行政监管过程中监管主体职能交叉、监管范围有限及事前引导性手段欠缺的问题,阻碍了对爬虫技术应用的有效监管;行政机关利用爬虫技术侵权后法律救济渠道的不顺畅,难以保障数据主体的权益;行业自律的行..."	https://kns.cnki.net/kcms2/article/abstract?v=OHSidZhWKUkiGsY_IOiJ7lGrQTOdHx5O3wqrJOX-XDflJRjOJqMa2Ox9qRQQLOo81mE2_ZpJ7RQXwKpSNRg1uUHEPzA-QbnHWijrNuv8mbywY-rlBZG3YkyN7pQtSw1dqN4UjKAiIdR-OBWKMvqa5A==&uniplatform=NZKPT&language=CHS
31	基于数据挖掘的水果区域公用品牌竞争力研究――以“赣南脐橙”为例	郑家维	华中农业大学	2023/6/1	华中农业大学	硕士	数据挖掘; 区域公用品牌; 品牌竞争力; 爬虫; 赣南脐橙	"当今,农产品市场竞争越来越为激烈,尤其表现为品牌的竞争,“酒香不怕巷子深”的时代已经过去,农产品区域公用品牌提升竞争力势在必行。当前数据挖掘技术作为一种重要的数据搜索与处理技术,能够有效地从互联网丰富的信息数据中找出潜在的有用的信息,为各决策主体提供相应的支持。本文通过查找与梳理相关文献,对农产品区域公用品牌相关概念进行了界定,奠定本文理论基础。随后以赣南脐橙为例,对赣南脐橙脐橙品牌竞争力进行了特征事实分析,从品牌资源力、品牌基础力、品牌支撑力和品牌支撑力四个方面对赣南脐橙品牌竞争力进行了评价。最后运用网络爬虫技术进行赣南脐橙品牌竞争力的研究,运用数据爬虫软件获取到消费者对于赣南脐橙品牌的评论数据,并对其进行分析,最后构建出赣南脐橙品牌竞争力评价指标体系,并针对性提出提升赣南脐橙品牌竞争力的对策建议。基于全文研究,本文得出了如下结论:(1)农产品区域公用品牌具有独特的地域属性特征,依靠独特的资源禀赋能够获得比较优势,把比较优势转化为竞争优势才能更好提升农产品区域公用品牌竞争力。(2)农产品区域公用品牌具有公共物品、产权不明晰的属性特征,厘清农产品区域公用品牌建设与经营主体是提升品牌竞争..."	https://kns.cnki.net/kcms2/article/abstract?v=OHSidZhWKUm9tWnCSepoIrUrbAAJeegVHKuInXmA5B3RMoIe4cyxYyfN_sUS1Fs9umSoTRJVqeCf2lIthO7wott0dR1SN4TRvn1DMc1uddxsBj3y17fkEDtG4VaxWJlHi0MWj0YRCEUqtSKFny9ZOw==&uniplatform=NZKPT&language=CHS
32	基于文本挖掘技术的第十四届全运会网络舆情研究――以新浪微博平台为例	张义祥	西安体育学院	2023/6/1	西安体育学院	硕士	第十四届全运会; 网络舆情; 文本挖掘; 机器学习; LDA主题模型	"据第50次《中国互联网发展状况统计报告》显示,我国互联网用户数量达10.51亿,可见,网络已成为国民生活中不可或缺的一部分。新浪微博作为中国最大的社交媒体平台,不仅承担着中国网民娱乐的需求,呈现来自各界民众的声音,同时蕴含着大量具有舆论导向作用的主流媒体用户的声音。他们覆盖各个领域,实时产生着数以万计的用户评论数据,这些评论数据都较为真实地反映着社情民意,以及民众对一些热点事件的态度及情绪。对于体育赛事而言,其网络舆情对于赛事的举办、比赛的发展也具有重要作用。如若网络舆情能够朝着正向发展,不涉及舆情危机,那么政府或者赛事的举办方可利用舆论引起网民关注,推广体育比赛、传播体育精神等。但另一方面,体育赛场“暴力事件”、“暴力冲突”时有发生;运动员比赛发挥失常、结果不尽人意、裁判判罚不公等情况都会引起网民的不满和负面情绪,产生舆情危机。因此,如何从海量的文本数据中把握体育赛事网络舆情的走向,了解民众的发展意见,避免舆论导向走偏,充分发挥政府对热点事件的洞察力以及领导能力,是我们所需要研宄与讨论的。2021年第十四届全运会作为我国的大型体育赛事,是全民围观的公共话题,极易形成网络舆情。本研究区..."	https://kns.cnki.net/kcms2/article/abstract?v=OHSidZhWKUnICvL4dU1hgzVWJ0NCxI_Ozd5D4BLRvpS8ngquOpn4ogEGyNyiFGN8kjhVSnQLR_HRY1Yg6w059VxqD5Q76eu_I8UA-nIHkwbHfFOyzpczi6mwZc5vtjkHi6qhI69rAMl5qeRfuYAu4w==&uniplatform=NZKPT&language=CHS
33	网络爬虫刑法规制研究	李瑾	中国矿业大学	2023/5/31	中国矿业大学	硕士	网络爬虫; 刑法规制; 非法获取计算机信息系统数据罪; 入罪边界	"在大数据时代,网络爬虫作为一种数据抓取的算法,由于具备高效率性和准确性的优势,常被应用于搜索引擎、舆情分析、漏洞检测等多个领域。虽然网络爬虫技术本身是中立的,没有合法与非法的区别,但这种技术一旦运用不当,便可能偏离其预期目的,甚至严重威胁着信息系统和数据安全。近年来,有关数据爬取的法律纠纷与日俱增,数据中蕴含的人身权益、经济利益和公共安全问题也日益凸显。司法实践表明,法律对网络爬虫的规制从民法、行政法向刑法延申,网络爬虫的刑法规制问题逐渐引起了学界和实务界的重视。然而面对新技术的兴起,我国的刑法规制一方面由于现行立法的“先天不足”和司法解释的“后天缺陷”,导致对数据安全法益缺乏周延保护,既存罪名也存在“口袋化”现象。另一方面则呈现出严厉化的趋势,对网络爬虫突破反爬措施的行为性质不加区分而一律认定为“非法侵入”,对爬取公开数据的行为一律入罪。本文在梳理现有刑法规定、司法解释以及司法实践的基础上,首先,从网络爬虫技术原理出发,依托于对技术的全面理解,把握计算机或数据安全保障机制的内涵,从而明确一般反爬措施与安全保障机制的区别。其次,从网络爬虫的法益侵害性和现有规制措施的局限性来论证刑法介入..."	https://kns.cnki.net/kcms2/article/abstract?v=OHSidZhWKUmabm8Y8YndZ8Uqdkb9pknlYHPMrVzbtyZrptEmBIZGmvZD_JB58dGC_pWQgxYvGw8g1mgpzxE22KPDVvA0MafdJFX8quhhHRnNcQGsss4DLHKwMzgYCefqGTJ32e_2VWmWAlpYtfrSZQ==&uniplatform=NZKPT&language=CHS
34	论网络爬虫的刑事合规	董文蕙潘郑伟	华南理工大学法学院	2023/5/31	数据法学	辑刊	网络爬虫; 刑事风险; 刑事合规	"近年来,网络爬虫技术作为一种数据收集手段越发活跃,在给人们提供快速掌控网络数据便利的同时,也随之产生了一系列由于信息高度共享而带来的法律问题。由于目前我国刑法理论对于网络爬虫等类似功能的互联网技术之中立性本质缺乏体系化的理解,在实际的刑事司法实践中,对于该技术的刑事风险评价也开始趋于扩张化。为了解决技术特征给网络爬虫行为犯罪带来的规制难题,同时保证富有价值的数据能够相对不受限地自由流通,应当在数据领域引入刑事合规体系,在厘清数据权利真实权属的前提下,针对不同类型的爬虫行为建立专项合规制度,准确判断爬虫行为所引发的刑事责任,为预防网络爬虫等其他信息技术犯罪提供可借鉴的范式。"	https://kns.cnki.net/kcms2/article/abstract?v=OHSidZhWKUmTpVHK9cfmNH2FGAabckUxK3BZ_aZxMLzxH2gSdf3h7xFGdNAktyLwdMaj2nBlMMn6k1nwClCdWJTlwu82qQPpEJq4sWT5NoRi16oYLWn1RALMoNDmVmlfiqbDka5jlpw=&uniplatform=NZKPT&language=CHS
35	网络数据爬取行为的刑法规制研究	王晓妍	河北师范大学	2023/5/30	河北师范大学	硕士	网络爬虫; 数据爬取; 公开数据; 反爬措施	"网络数据爬取行为主要采用网络爬虫作为技术依托,该项技术作为一种自动化的数据采集程序或脚本,由于其天然的便利性以及门槛低等特点,正成为多数行业获取数据的主要技术,并且在未来可能成为互联网平台与企业获取量级数据的基本手段。从目前的使用情况来看,利用该项技术的网络数据爬取行为不仅会侵犯他人的合法权益,具有一般的民事违法性,还具有刑事违法性,符合多项罪名的构成要件。因此将网络数据爬取行为放置于刑法视角下进行研究,具有一定的现实紧迫性。而刑事司法实践中在应对网络数据爬取行为时,由于在认定该行为的侵害对象、侵害行为以及侵害结果中存在的不规范性,造成了我国刑事规制的严厉化趋势,产生过度犯罪化现象。为此解决该项问题,不仅要对严重危害他人合法权益的网络数据爬取行为予以刑事制裁,还要坚守一定的规制原则,把握规制的合理限度,从而兼顾好对犯罪行为的打击与数据合规的高效流通使用。论文除引言外,分为四部分:第一部分是对网络数据爬取行为的概述,首先对网络爬虫技术与反网络爬虫措施的概念进行概括,清楚网络爬虫“是什么”的问题,其次对其技术原理进行简单的介绍,了解其主要的应用场景,最后介绍目前行为人滥用网络爬虫技术产生的..."	https://kns.cnki.net/kcms2/article/abstract?v=OHSidZhWKUmTpVHK9cfmNH2FGAabckUxEWHhbhcqxMIaxIyi7A2PLgTJO97GIiGn-jpjHYYUCV3mmQXrUIq7PdNfcR2ZFoSB-9v0ncUvGVUSKqBS4HMLZMgcu_TuT_yxNHhGDpp20WL8rjz_gdvyxA==&uniplatform=NZKPT&language=CHS
36	网络著作权诉讼的正当性缺失与修正――基于网络爬虫、商业化维权的视角分析	马驰升1王楠2	1. 湖南科技大学法学与公共管理学院2. 湖南科技大学法律服务中心	2023/5/23 9:34	西华师范大学学报(哲学社会科学版)	期刊	网络爬虫; 商业化维权; 著作权诉讼	大数据时代的来临，由网络爬虫技术的普及引起的商业化维权现象凸显，现有网络著作权诉讼程序在解决网络著作权纠纷时产生了不公正的结果，从而导致网络著作权诉讼的正当性缺失。为探究正当性缺失的原因、透过实体问题以规范诉讼程序，先以网络爬虫的技术特性为起点，从共同诉讼适用、证据收集和鉴定两个方面阐述著作权诉讼正当性缺失的外在表现形式并分析原因；再从商业化维权的视角，运用法社会学、法经济学、法哲学分析网络著作权诉讼正当性缺失的内在表现形式及其成因；最后将遵循自由市场规律、改变诉讼效益途径、完善著作权诉讼制度三个维度作为修正网络著作权诉讼正当性性缺失的切入点，为研究我国网络著作权诉讼制度提供新的研究视角。	https://kns.cnki.net/kcms2/article/abstract?v=OHSidZhWKUmF7eiDKO6cM2xI5GVtfEyL6TjCvWV3J2yVS46jL9ErlkT7BQEjuoy-UIN1RDMvVE0oLZZPOAj27jkfj9dR0XtbQFgAfcMcVOC4aAIq2XrgVX9IdqY-DYRavLE1B9Fkjfs=&uniplatform=NZKPT&language=CHS
37	爬取公开数据行为的刑法规制	曹明明	赣南师范大学	2023/5/22	赣南师范大学	硕士	网络爬虫; 数据流通; 公开数据; 新型数据安全法益; 刑法规制	"网络爬虫技术本质上是一种提高信息下载速度的工具,网络爬虫的运用促进了数据的流通。反爬措施与用户身份认证技术同属于计算机信息系统安全措施,将规避反爬措施的技术行为直接认定为“侵入”计算机信息系统的行为,这属于创设了新的规则。“合约授权”是指数据控制方通过“协议”的方式表明是否允许他人爬取己方的数据。“技术措施”是指数据控制方采用技术手段验证网络爬虫的身份,并可以对未经授权的网络爬虫进行封禁,以阻止爬取方获取数据。若爬取方规避了反爬措施,就足以表明网络爬虫行为“未经授权”,该行为满足了侵入行为的不法性要求。网络爬虫即使规避了反爬措施,也只是伪装成普通用户,并没有获取“进入”网站后台服务器并“主动”获取数据的权限。网络爬虫程序伪装成普通用户,规避具有身份验证功能的反爬措施,进而获取数据,可被视为获取数据的“其他技术手段”,符合非法获取计算机信息系统数据罪的“客观要件”。立法机关和司法机关在罪状描述、司法解释中均未将非法获取计算机信息系统数据罪所保护的数据范围限缩为“危及计算机信息系统数据安全”的数据。依数据主体对数据权限的开放程度不同,可以将数据分为开放数据、公开数据和保密数据。公开数据允许..."	https://kns.cnki.net/kcms2/article/abstract?v=OHSidZhWKUlTo4ZP7jSu8XNwJdUtsr1FtTgeK9wOymT1YOWirsn59R94BhjplWsP289DyBkS1Spxx2tSNtRaktkj2deLXF43fO-UmSaxIBQcmRD84b1f35oKENZRTy6Ka6BhSolvOrxCK2oV9D-8OQ==&uniplatform=NZKPT&language=CHS
38	基于知识图谱的高中信息技术课程教学辅助系统的设计与实现	吴佳侬	中央民族大学	2023/5/21	中央民族大学	硕士	高中信息技术; 知识图谱; 智能问答; 智能组卷	"随着我国教育信息化建设的不断推进,网络环境下的教育资源也日益丰富,通过网络环境进行教育资源获取已经成为当前中学生常见的学习方式。但在高中信息技术授课过程中,仍然存在着学科的知识索引困难、繁杂的网页信息干扰学生学习效率、知识点繁多缺乏关联性、教师对课堂作业无法进行及时的评价等问题。本文基于对以上问题的分析,利用知识图谱技术,同时以《普通高中信息技术课程标准》(2017年版)和高中信息技术必修一(2019)为标准,构建出了高中信息技术知识图谱,并基于该图谱设计出了 一款基于知识图谱的高中信息技术课程教学辅助系统来辅助教学。主要内容如下:1.获取原始数据。利用爬虫技术对网络上的高中信息技术教材、教辅资料、相关百科、习题库等相关课程数据进行爬取,并对爬取到的异构数据进行数据预处理。2.信息技术课程知识图谱构建。对预处理后的数据进行分词、词性标注、实体抽取和关系抽取等处理,形成三元组数据,之后将三元组数据存储在Neo4j图数据库中。3.教学辅助系统设计与实现。通过访谈法获得教师的实际需求,并根据需求进行系统的功能设计,最后使用Java后端语言和HTML前端语言对系统进行详细设计和实现。系统的主要..."	https://kns.cnki.net/kcms2/article/abstract?v=OHSidZhWKUlTo4ZP7jSu8XNwJdUtsr1FtTgeK9wOymT1YOWirsn59aJes1Eh-QPBzEh5y8vVFK9EdbfpiOlOwzjk8TN8YgKysIqY10LIadw90Uv2VvCjSkg5gywNS54I2tp_rK0lszQ5kJTeyzSgZA==&uniplatform=NZKPT&language=CHS
39	基于OCR算法的物资供应商资质审查方法研究	徐雨许瑾瑾	宁波永耀电力投资集团有限公司	2023/5/20	电气技术与经济	期刊	OCR算法; 物资供应商; 资质审查; 机器人流程自动化; 网络爬虫; 图像分割	为解决物资供应商资质核查工作量大、准确率低的问题，提出了一种基于OCR算法的物资供应商资质审查方法。首先，通过程序接口获取资质的图像信息，在图像字符区域分割后，采用OCR算法识别资质文字信息，并组合成段落；其次，通过网络爬虫技术获取资质验证的官方网站，在此基础上，采用机器人流程自动化技术进行物资供应商资质验证。最后，在某省电力公司物资分公司进行应用，物资供应商资质审查准确率为99.1%。所提方法能有效提高物资供应商资质审查效率，提升审查准确率。	https://kns.cnki.net/kcms2/article/abstract?v=OHSidZhWKUlcqEAQSj8whd0ZCFBBi9lH8h335XfeCGVjxPkdFCb_yJkfDRdya85c6Y4mc8qEcrOlryflHqPHY9sSqGJ2uYtDnJYuIVxXl0Berh8WtwcWX57otnGz4h9XIKZMNyhjAzDrdsN-nGvB-g==&uniplatform=NZKPT&language=CHS
40	基于文本挖掘的网络舆情话题分析方法研究	周中雨	东北石油大学	2023/5/20	东北石油大学	硕士	蜉蝣算法; 特征选择; 文本表示; 话题检测; 话题跟踪	"随着互联网快速发展,网络逐渐成为人们获取信息的主要手段,同时也带来日益增多的网络信息安全问题。尤其在近几年,受疫情影响,网络舆情事件时常发生,人们对网络舆情关注度也越来越高。因此,面对互联网上极度丰富舆情数据,如何获取网络舆情方面的热点话题和敏感信息,成为当前研究的主要问题。本文结合当前网络舆情信息获取与分析方法,深入研究话题检测与话题跟踪相关技术,重点从特征选择、文本表示模型、文本分类算法和相似性度量等方面展开研究,构建一种高效的网络舆情话题分析方法,为网络舆情管理和监控提供解决方案,本文的主要研究内容如下:1.提出基于二进制蜉蝣优化的特征选择及文本聚类算法。针对文本冗余特征导致文本聚类精度低等问题,开展特征选择与文本聚类方法研究,提出了基于二进制蜉蝣优化的特征选择算法。该算法首先采用逆文档频率指数为目标函数对文本进行特征评估,构造向量空间模型;其次对蜉蝣算法中蜉蝣位置更新、交配与变异策略等进行改进优化,进一步得出最优特征子集;最后将新特征子集输入到K-means++算法完成文本聚类,得到最优的文本聚类效果。通过多种文本数据集实验验证,该算法不仅具有较好的聚类效果和寻优能力,而且能够..."	https://kns.cnki.net/kcms2/article/abstract?v=OHSidZhWKUkUfRPNkJ_vvtvk67-r-CpK9ZnrKKz5YG4F-kOboejVv5mq0R_DBSUmkemJ69K3-kfH4-32pxr30Y8qekpd9JKRIVKA19tjin2fPV6-I3234PeaapxePM-DSeRctXHBrzoQB3mRwaLQFQ==&uniplatform=NZKPT&language=CHS
41	论网络“白帽子”的刑事合规保护	刘昕帅	西北政法大学	2023/5/11 14:48	乐山师范学院学报	期刊	网络爬虫; 信息数据; 刑事合规	网络“白帽子”运用网络爬虫技术爬取用于模拟测试的网络信息数据，目的在于查找网络漏洞，客观行为因符合非法获取计算机信息系统数据罪的构成要件而存在法律风险，主观意图因以维护网络安全为追求而具备合法空间。实务中对网络“白帽子”的刑事治理既存在难以界定爬取网络信息数据的非法界限而使网络“白帽子”不当入罪的问题，又存在无法划定爬取网络信息数据的合法空间而难以发挥网络“白帽子”网络安全维护作用的问题。学界对网络“白帽子”是否入罪存在不同观点，但均认可能够划定网络“白帽子”边界赋予行为空间。网络“白帽子”刑事治理领域应引入刑事合规理念，通过内部风险控制机制与外部司法指导机制实现网络“白帽子”合规保护，实现网络安全维护的同时消解潜在信息数据安全风险。	https://kns.cnki.net/kcms2/article/abstract?v=OHSidZhWKUmALysn_ZW4-2CWirqyJTizzRa6TGbMvm7ZN64n-ALYcjlsClXgynGvcFrI0LF2T-B15Soj1kzitWhTOg48r0mhlx5hI24B4Zx-74AmrCh7QG4MykEkGi5krtYAqTPZIJg=&uniplatform=NZKPT&language=CHS
42	网络爬虫技术与著作权侵权问题研究	张源	广西师范大学	2023/5/10	中阿科技论坛(中英文)	期刊	网络爬虫; 知识产权; 著作权侵权; 信息网络传播权; 复制权	网络爬虫作为一种模拟人机交互的技术，可以实现各类互联网信息的海量抓取，因此逐渐被广泛运用到日常生活中。本文针对网络爬虫的技术特点所可能引发的知识产权侵权问题展开讨论，重点对网络爬虫行为侵犯著作权的风险展开讨论；进而归纳网络爬虫行为的侵权责任要件以及网络爬虫行为对著作权人信息网络传播权和复制权的侵犯可能性，并基于此提出了对网络爬虫技术的使用加以法律规制的若干具体建议。	https://kns.cnki.net/kcms2/article/abstract?v=OHSidZhWKUmALysn_ZW4-2CWirqyJTizveq7ORMCyKStDGH-Zyj0eD1AI4pRM17evlL2TaSlAjHdMYDix3FiD4bX1kbK7LHqCj2i2Myp_c9-z8NV_ixPqcJrLpw4jxjuHFpNh8_AgJEehTSdmzkjzA==&uniplatform=NZKPT&language=CHS
43	基于增量式爬虫技术的新闻分析系统设计	王龙霄李健沈丽民	战略支援部队信息工程大学洛阳校区	2023/5/10	现代计算机	期刊	Python爬虫; Tornado框架; TextRank算法; 新闻关键词抽取	新闻网站是获取外界信息的重要渠道，为有效收集新闻网站信息、对信息进行分析，基于Python设计了对新闻网站的爬虫分析系统。该系统包括爬虫、自然语言处理、系统可视化交互三个模块。在爬虫方面系统采用threading第三方库提供的多线程爬虫，并增加了增量式爬虫的设计；在自然语言处理方面，系统以TextRank算法为原理实现对文本信息对关键词句的抽取，使用TextRank4zh第三方库实现此功能。系统采取Tornado框架实现交互功能。系统以美国有限电视新闻网为例进行新闻信息爬取与分析，实验结果表明该系统的爬取效率高，健壮性好。	https://kns.cnki.net/kcms2/article/abstract?v=OHSidZhWKUmhe5zInay3m8hV4gLRDuYyvkjOAkuoJn0iHNLagYFQma9wqpzNNnWa7kijtlWID33A_Zgj88FG2gWppU2d5SjFJWeiJgs0TR4libeREtKnKtPTr0NxpVuZwCphc0hICs_ZN04OuvqPug==&uniplatform=NZKPT&language=CHS
44	大数据技术在会计师事务所审计中的应用研究	陈心爽	湖北民族大学	2023/5/1	湖北民族大学	硕士	大数据技术; 大数据审计; 会计师事务所审计; 审计技术	"近年来,大数据、云计算等互联网技术的兴起,给各行业的商业与运营模式带来冲击,这场冲击的背后,是对现行模式的一场变革。同时随着国内经济快速发展,大规模企业涌现,会计资料电子化、无纸化成为趋势,企业财务信息呈现爆发性增长,在财务审计面对体量越来越大、资金链愈加复杂的审计项目时,传统审计模式在应对中,明显有措手不及之感。会计师事务所为了能够顺应时代需要,进一步提升审计质量,将大数据技术和审计进行深度融合,大数据等互联网技术的运用是社会审计转型面向现有需求的主要途径。基于此,本文选取了A会计师事务所审计项目作为研究对象,从审计准备、审计实施、审计报告三个阶段对审计G集团的项目中大数据技术的应用进行了深入研究。首先采用文献研究法,对大数据技术和大数据审计相关的文献进行梳理和归纳,明确本文的研究内容和研究方法,然后对相关理论和概念进行介绍,介绍本文所运用到的大数据概念和信息系统理论,并对目前会计师事务所审计过程中运用的大数据技术进行介绍。进一步通过案例分析法,以A会计师事务所审计项目为例,详细分析大数据技术在会计师事务所审计工作中的运用情况,发现大数据技术在应用过程中存在的优势:(1)大数据挖掘等..."	https://kns.cnki.net/kcms2/article/abstract?v=OHSidZhWKUmrSjyGkqzUih64AjumKqgQvf47Z627jpjNtJj0_XU_SdrZoC0cI5faj7JMjfjD5AQXStzXBGEq66y1eIJF0SQQBnrCrCGUuwS1Uv_qk966L9FLPsR3j0nE1xm3pJtyWz0InUfVokFBJA==&uniplatform=NZKPT&language=CHS
45	基于机器学习的新冠肺炎疫情数据可视化分析研究与实现	刘莉萍	吉林大学	2023/5/1	吉林大学	硕士	新冠肺炎; B/S架构; Echarts; 多源数据收集; MTS-LSTM	"随着新冠疫情的全面爆发,在全世界扩散,在疫情的发展阶段每日确诊病例增长迅速,给社会生活、生产带来严重影响,各国研究学者都在致力于新冠肺炎传播机制问题的研究。新冠疫情期间,对于疫情的各种数据也是人民群众十分关注的问题,各种针对疫情信息的追踪与预测分析是十分迫切的,对群众公开展示信息,帮助人们及时了解疫情的实时信息和未来发展的趋势。本文通过研究信息可视化技术,结合新冠疫情数据特点,利用多种疫情数据获取技术,对新冠疫情数据进行收集、提取、分析以及预测,研究当前新冠疫情信息追踪与预测系统技术。本文使用网络爬虫技术获取各地的新冠肺炎疫情数据,并利用Echarts技术实现数据的可视化展示。通过可视化展示,用户可以更加直观地了解全球疫情的发展趋势以及各地的疫情情况。在数据展示方面,本文使用了世界地图、中国地图、折线图、柱状图等多种形式来展示不同层级的疫情数据,如全球、国家、省市等。除了数据展示,本文还使用MTS-LSTM模型对疫情的趋势进行预测。该模型通过对武汉和中国其他地区的疫情数据进行分析,提出多变量长短时记忆预测模型,以预测全球疫情的发展趋势。通过与其他预测模型进行对比分析,本文证明了MTS-..."	https://kns.cnki.net/kcms2/article/abstract?v=OHSidZhWKUmrSjyGkqzUih64AjumKqgQvf47Z627jpjNtJj0_XU_Sb1VfkRHBhOZxBxiG83Tdk_nJAKcyX-r9xnFjBeacrM8PU3Wf_X_PfIxud-BhtBShTEJXBgG0EiXi_yI3Mv2zTlv1mR9WrL-NA==&uniplatform=NZKPT&language=CHS
46	基于知识图谱的高校政策文件知识建模研究	田永樟	哈尔滨师范大学	2023/5/1	哈尔滨师范大学	硕士	高校政策文件; 知识图谱; Scrapy框架; Neo4j数据库; 数字化建设	"党的二十大报告首次将“推进教育数字化”写入报告,明确了教育数字化未来发展的行动纲领,明确要汇聚静态资源和动态数据,积极运用人工智能、大数据等技术助学、助教、助管、助研,不断把教育数字化推向深入,努力办好人民满意的教育。高等教育处于教育数字化的前沿阵地,担负着重要的职责。各高校遵照国家和地方的法律法规,根据学校自身的发展定位,制定学校的各项规章制度,确保学校的学科、专业和文化建设按照教育教学规律高质量发展。但是,不是仅仅将规章制度进行数字化就能完成教育数字化的目的,需要建立各种政策文件的内部知识关联关系,才能实现政策文件高效管理、分析及评价,确保学校管理的合理化、科学化和长期化。本文采用知识图谱的方法构建了高校政策文件的内部知识关联关系,具体做了以下几个方面的工作:(1)本文使用爬虫技术进行高校政策文件采集,主要研究了Scrapy框架。接着详细研究了知识图谱。最后研究了Neo4j图数据库,为实现数据存储、分析提供技术。(2)研究了基于Neo4j的高校政策公文知识建模。首先详细分析了构建流程。其次详细研究了数据爬虫与数据预处理方法,从数据采集模块设计、高校政策公文数据采集、数据库设计进行分..."	https://kns.cnki.net/kcms2/article/abstract?v=OHSidZhWKUmrSjyGkqzUih64AjumKqgQvf47Z627jpjNtJj0_XU_STyh21ghx6ob6xCKgeLb8MT6Zv0ANGx01SUdNMUeZUuIhYOZIGU9Kn-r9J38Jc4LKlGCIO6cSr1y4J-1Q94gJ2hnb4fMPe7WNA==&uniplatform=NZKPT&language=CHS
47	网络数据“爬虫”行为的法律规制研究	王朝辉	河北工程大学	2023/5/1	河北工程大学	硕士	数据爬虫; 互联网; 不正当竞争	"网络数据“爬虫”是互联网上一种按照设定程序高效抓取数据的工具,它能够深入搜索互联网上的绝大部分网站链接和信息,并保证所采集信息的特定性,这样可以大大提高网上数据检索的速度,降低生产的成本。随着网络空间的快速变化和海量数据的不断积累,数据爬虫已经成为许多互联网企业最基础的数据搜集手段之一,数据爬虫行为的不断增多,也导致在数据信息权属、专利和商用秘密防护、个人信息隐私防护、不正当竞争以及计算机信息系统安全性等相关方面引发了激烈的争论。随着数据爬虫相关“灰色收益”的滋生,大量数据爬虫争讼在互联网金融、内容、电子商务等各种情景中频发,对网络和信息商业业态造成了严重的影响,引起了产业界、监管者和全社会性的高度重视。为此,本文通过实践分析与法律分析提出爬虫合规专项建议,以期为这一现实问题的解决建言献策。从数据爬虫的历史渊源出发,明确数据爬虫的存在价值,结合政府文件、学者观点、新闻媒体报道以及司法实践等,进行综合分析,明确其涉案法域。通过对数据爬虫行为拆解与分析,划分出不同阶段,分阶段展开结合数据爬虫现实技术,将系列相关司法案例进行整理,对比明确其合法性审查的区别。最后,结合数据爬虫的技术现实进行法..."	https://kns.cnki.net/kcms2/article/abstract?v=OHSidZhWKUnSr9Im2vLyJ0DJ8HdVglyge5iewvq46t_SlsqSmr1jyE0dd1HlGVDiMigstPeHvPhZUclvQfMvRaQZj_Yj_eCfEVtUpNJEjnoFo90aOQQodXS-kpH_hU6AuRCpCMPhEN3lb6DvCRW-gA==&uniplatform=NZKPT&language=CHS
48	网络爬虫行为入罪标准界定研究	邱飞龙	江西师范大学	2023/5/1	江西师范大学	硕士	数据抓取; 网络爬虫; 入罪标准; 刑事违法性判断	"进入大数据时代以来,数据已经成为不可或缺的生产要素之一,如何高效地获取数据和处理数据是这个时代的发展议题。网络爬虫是一种基于计算机编程语言按照预先设定的规则来访问、获取、储存目的数据的全自动化脚本程序,它实现了数据的高效率处理,实现了对大体量网络数据抓取和处理的全自动化,而且还兼具了成本低廉、可拓展性强的各项优点,因此受到广泛地应用。然而,利用网络爬虫技术进行数据爬取的行为具有两面性,一方面促进了数据流通带来了数据处理便利,另一方面激化了数据分配的矛盾带来了数据治理的新挑战。在网络爬虫技术的应用过程中引发了不少的法律问题且争论不休,争论的焦点也已经从最初的反不正当竞争领域转移到刑事领域,如何发挥刑法的评价、保障、保护机能是健全数据要素安全保障制度的关键。本文立足于实际,收集了大量的案例样本,从样本中找寻网络爬虫行为刑事治理的规律和存在的问题。依托计算机科学解读网络爬虫行为的行为逻辑和运行机理,结合刑事规范的含义,明确网络爬虫行为的入罪标准。根据内容分布,全文可分为三个部分:第一部分重点梳理了网络爬虫的相关概念并进行了案例统计,对样本进行了初步分析,为后文的论述夯实理论基础。首先,对网络..."	https://kns.cnki.net/kcms2/article/abstract?v=OHSidZhWKUnSr9Im2vLyJ0DJ8HdVglyge5iewvq46t_SlsqSmr1jyKqnKLlQmlEPHrLxJdlaw9FB-QYcjZ7a4qEfvD3bToo5bowpc_yOMea78gTjGJrkFfY3qIaLox-gn7CaZjd53tkl7eb1j7yvQA==&uniplatform=NZKPT&language=CHS
49	Web及网络数据库系统的安全漏洞与应对技术研究	谢帆彭玉涛	井冈山大学网络信息中心	2023/4/25	信息技术与信息化	期刊	Web; 网络数据库系统; 安全漏洞; 应对	针对当前Web及数据库的安全漏洞会对用户的网络安全带来极大威胁，以及黑客不法分子会利用这些安全漏洞盗取及篡改重要信息，提出了一种基于集中网络爬虫的安全漏洞应对系统。首先对Web及网络数据库系统的主要安全漏洞做了简要介绍，其次对Web及网络数据库的安全漏洞处理系统设计和相对应的技术做了详细分析，系统以防护最为常见的SQL攻击和XSS攻击为主，但为增强扩展性，加入了插件模块，还可以针对新型其他的安全漏洞问题编写应对程序通过插件加入系统之中，增加系统的适用范围。	https://kns.cnki.net/kcms2/article/abstract?v=OHSidZhWKUkRip9E4vixQihoTxN8oxXQ-Gqlw6GpdqSgw-e-QFr3ZuH7pmAPfNzoBSqJ_jdwQWvhJGiXh7DIIDqVs7PHjMbNeUUTeFOMjisGn3Hn9eanaqxD1G2VOSHKfx4SXnBoqhHP2j49EFjrTg==&uniplatform=NZKPT&language=CHS
50	基于规则过滤的机场网站漏洞自动化检测系统	宋健张超	广东省机场管理集团有限公司工程建设指挥部	2023/4/25	自动化与仪器仪表	期刊	规则过滤; 机场网站漏洞; 爬虫技术; 漏洞扫描; 系统设计	为了确保机场网站中的信息安全，需要及时检测并修复网站中存在的漏洞。针对目前机场网站漏洞检测系统中存在的问题，提出基于规则过滤的机场网站漏洞自动化检测系统设计方法，在系统硬件中设计了参数配置模块、网络爬虫模块、漏洞扫描模块和漏洞评价模块，在软件设计中引入了规则过滤方法，设置反过滤规则集，转变机场网站中的攻击代码，深度挖掘网站中存在的漏洞。实验结果表明，所提方法的漏洞类型检测全面、检测性能高、漏洞检测效率高。	https://kns.cnki.net/kcms2/article/abstract?v=OHSidZhWKUkRip9E4vixQihoTxN8oxXQ-Gqlw6GpdqRNQDfiJ79uCMoa8yKR_r2pZAoxl7B6gNG00zPmxHcH2f9eFhlQ27fAK7IQ0uw794869hTyTdGAVEMk8K3WCDo1G3BZs35KXGbb9Gv5E3W_0A==&uniplatform=NZKPT&language=CHS
51	一种利用网络爬虫技术提高多语种术语库校审效率的方法	刘雯	北京航天情报与信息研究所	2023/4/20	科技资讯	期刊	网络爬虫; 多语种术语库; 校审; 多语种智能翻译系统	为保障多语种智能翻译系统充分发挥其标准化、快速翻译的作用，必须构建高质量的多语种术语库，不断充实翻译系统的后台词汇。在多语种术语库的构建过程中校审是保证术语库质量的关键环节。然而，与运用数万词条量，甚至体量更为庞大的待校审术语库对比，单纯使用传统的人力校审方式，已经不能满足为智能翻译系统及时扩充术语库的需求。针对上述问题，文章提出了一种网络爬虫技术在多语种术语库校审中的应用方法，并介绍了网络爬虫技术的概念、原理、分类、特点，详细阐述了该技术在多语种术语库校审中的应用实践，最后对网络爬虫技术在翻译和情报专业领域的应用进行了展望。	https://kns.cnki.net/kcms2/article/abstract?v=OHSidZhWKUk0D-uWc4Nw7B6tFUQnTLc9r--dLimWqQuIiZsVENYAlgV1PtJ4EqXMImXLkpaJBy5EK3oIXcs1II_yY3HwyC6XQ9oD15zbAAMdpmGJfiza0_kzeltnjEMvYChZakORLsaIh_JC9vqVWQ==&uniplatform=NZKPT&language=CHS
1	大数据时代下网络爬虫的刑事入罪规制	李佳晓	上海政法学院刑事司法学院	2023-12-15	青岛远洋船员职业学院学报	期刊	网络爬虫; 恶意爬虫行为; 主客观统一原则; 罪刑法定原则	大数据时代下，数据信息呈爆炸式增长，网络爬虫作为一款数据搜索引擎应运而生，但在其使用过程中相关数据安全法益遭受到威胁。纵观实践中有关爬虫行为涉及的案件，以相关计算机信息系统被侵害案件与相关公民个人信息被侵害案件居多；而前者所涉及的罪名中，涉嫌非法侵入计算机信息系统和非法获取计算机信息系统数据的罪名较多。网络爬虫作为一项中立性的技术工具，只有在被划归为恶意爬虫行为时才需由刑法予以规制，而由于法律本身存在滞后性的缺点，恶意爬虫行为的入罪路径需要进一步明晰。总体来说，对于恶意爬虫之行为入罪不能脱离基本的定罪原则即主客观相统一原则和罪刑法定原则。	https://kns.cnki.net/kcms2/article/abstract?v=OHSidZhWKUn6ncRbD3Cqccr5PMp19xm7sPbZOucF4fSn93kLHy9UVroLPcN1gso3CZP-LT2VwQBolkpA2vW_292m3KUEkndSmSYVDiUPGZigjRfnhSt252JbBQ0oKs9S9-UdPelKx5E=&uniplatform=NZKPT&language=CHS
2	基于Python网络爬虫技术的乡村旅游数据采集与分析	张启宁吴国俊	宁德师范学院	2023-12-15	产业科技创新	期刊	乡村旅游; 网络爬虫; Python; 数据采集	乡村旅游近年来逐渐成为旅游业的新热点，其中，不同的地区因其独特的特色和开发程度呈现出不同的发展态势。乡村旅游不仅促进了地方经济的发展，也为保护传统文化和生态环境提供了重要的机会。在这样的大背景下，如何获取、分析和利用数据变得尤为重要。Python作为一种广泛使用的编程语言，因其强大的网络爬虫工具和简洁的语法，已经成为数据采集领域的首选工具。以霞浦民宿为例，本文详细探讨了使用Python进行数据采集的方法和步骤，以及如何利用直方图和箱线图等工具进行数据分析和可视化。这些工具不仅展示了霞浦民宿的评分分布、集中趋势和偏态情况，还揭示了其中可能存在的异常值，为民宿经营者提供了宝贵的参考，帮助他们更好地理解市场反馈，从而提高服务质量。	https://kns.cnki.net/kcms2/article/abstract?v=OHSidZhWKUm7TqKTzexIl619aBt6Rd6nTyj0jUO0ZJ3Ov8Dgw70IESZb0Xi7ggzJAmlL2hqEkNpQzY03HzhmAYm-g8TroGkTkc7Vl3ztRXTY6Nap9iQzxnoAX0E4Wjem3oA5K7KJGx0=&uniplatform=NZKPT&language=CHS
3	基于逆向技术的深层网络爬虫与数据分析	邢羽琪杨柽	云南民族大学数学与计算机科学学院	2023-12-05	软件工程	期刊	深层网络爬虫; JavaScript加密; 逆向技术; Ajax; 数据挖掘	大数据时代，各行各业对数据采集的需求日益增多，其中使用JavaScript加密技术进行数据采集的需求广泛，但也存在不少瓶颈。文章采用JavaScript逆向爬虫技术还原参数加密过程，动态构造出某购物网站商品评价的统一资源定位系统(Uniform Resource Locator, URL),实现了指定分类下多商品评价数据的动态采集，为同类加密数据的采集提供了新的思路。使用SnowNLP[基于Python的中文自然语言处理(NLP)库]对采集到的乐高评论数据进行情感分析发现，约66%的购买者对商品给出了积极评论；情感分布呈极性，高段集中在0.8～1.0,低段集中在0.0～0.2;词云分析显示出购买者群体比较注重商品的快递包装外观。以上结论可为在线商家提升经营管理水平提供参考。	https://kns.cnki.net/kcms2/article/abstract?v=OHSidZhWKUkhaifTx6Fg8nwzelv0Yq3IR9oaH7gVroKsUptROdWCtfQ8bug6RbKRvFIgzFZWH7OYCahONdEbfCA3pmGoymlgeeM9r63bCq91PqnsB627IgK3Vq4dKrmhS_4T2qqwLrA=&uniplatform=NZKPT&language=CHS
