name,content,time
贴吧用户_aV35baG,"['12点女朋友说睡了，微信步数505步，突然3点登顶微信步数第一，多了三千步，打了五个电话，好多个视频没一个接，后来接了假装睡醒的样子，我问她微信步数怎么多这么多，她这样回答，你们觉得能信吗<img class=""BDE_Image"" src=""http://tiebapic.baidu.com/forum/w%3D580/sign=92724c19348b4710ce2ffdc4f3cfc3b2/625ffd50f81986181ea95bbc0ced2e738ad4e6e6.jpg?tbpicau=2024-01-26-05_d057c3fe9dc810a361e6beac07c6451f"" size=""89782"" changedsize=""true"" width=""560"" height=""1389"" size=""89782"">']",2024-01-21 05:29
神奇的海螺🐚🐚,"['<img class=""BDE_Smiley"" width=""30"" height=""30"" changedsize=""false"" src=""https://gsp0.baidu.com/5aAHeD3nKhI2p27j8IqW0jdnxx1xbK/tb/editor/images/client/image_emoticon22.png"" >']",2024-01-21 05:35
贴吧用户_aX3VWMC,['当你来问吧友的时候，你自己心里已经有答案了'],2024-01-21 06:01
左右飘忽,['用你这个求求你的语气，我都已经知道是什么事情了。这是你的绿绿证，收好叭'],2024-01-21 06:29
转生成为火影之王,['急着佐唉呢'],2024-01-21 06:34
匿名用户_XAUGO,"['是穿着拖鞋跑步吗<img class=""BDE_Smiley"" width=""30"" height=""30"" changedsize=""false"" src=""https://gsp0.baidu.com/5aAHeD3nKhI2p27j8IqW0jdnxx1xbK/tb/editor/images/client/image_emoticon15.png"" ><img class=""BDE_Smiley"" width=""30"" height=""30"" changedsize=""false"" src=""https://gsp0.baidu.com/5aAHeD3nKhI2p27j8IqW0jdnxx1xbK/tb/editor/images/client/image_emoticon15.png"" ><img class=""BDE_Smiley"" width=""30"" height=""30"" changedsize=""false"" src=""https://gsp0.baidu.com/5aAHeD3nKhI2p27j8IqW0jdnxx1xbK/tb/editor/images/client/image_emoticon15.png"" >']",2024-01-21 06:36
笑川二58,"['你都来孙吧问8u了，自己心里也应该知道发生什么了，不要再自欺欺人了<img class=""BDE_Smiley"" width=""30"" height=""30"" changedsize=""false"" src=""https://gsp0.baidu.com/5aAHeD3nKhI2p27j8IqW0jdnxx1xbK/tb/editor/images/client/image_emoticon22.png"" >']",2024-01-21 06:53
"<img src=""//tb1.bdstatic.com/tb/cms/nickemoji/1-28.png"" class=""nicknameEmoji"" style=""width:13px;height:13px""/>冲冲冲",['老大?牢大!'],2024-01-21 06:58
"是你的益达<img src=""//tb1.bdstatic.com/tb/cms/nickemoji/1-21.png"" class=""nicknameEmoji"" style=""width:13px;height:13px""/>呀",['不是吧，绑在腰上了吗'],2024-01-21 06:59
哈哈蕾哈娜,['不是大事情，我可以证明她在走路'],2024-01-21 07:03
孙吧知名吧友,"['<img class=""BDE_Smiley"" width=""30"" height=""30"" changedsize=""false"" src=""https://gsp0.baidu.com/5aAHeD3nKhI2p27j8IqW0jdnxx1xbK/tb/editor/images/client/image_emoticon22.png"" ><img class=""BDE_Smiley"" width=""30"" height=""30"" changedsize=""false"" src=""https://gsp0.baidu.com/5aAHeD3nKhI2p27j8IqW0jdnxx1xbK/tb/editor/images/client/image_emoticon22.png"" ><img class=""BDE_Smiley"" width=""30"" height=""30"" changedsize=""false"" src=""https://gsp0.baidu.com/5aAHeD3nKhI2p27j8IqW0jdnxx1xbK/tb/editor/images/client/image_emoticon22.png"" >']",2024-01-21 07:11
弹簧一线,['边吃辣条边跑步呢'],2024-01-21 07:11
孙吧亀,['微信步数其实不准的'],2024-01-21 07:14
"威吼米<img src=""//tb1.bdstatic.com/tb/cms/nickemoji/1-4.png"" class=""nicknameEmoji"" style=""width:13px;height:13px""/>爸爸",['ntr集合'],2024-01-21 07:14
格里菲斯yyds,['当上单问打野能不能来的时候，对线就已经出现了问题  你心里都清楚  就是不想接受罢了'],2024-01-21 07:15
